X (m),Y (m),Z (m),Region,Flux,Zone,SignalStrength
30739738581.01584,-68074013349.44718,97263368454.40259,Region-46,8.395683108083573e-16,Eval-B,52.86858536788197
54787225764.734436,-58963433320.96785,-82286365234.98398,Region-30,5.902574627260419e-16,Eval-B,92.79690617870448
62765826318.568634,57710368401.651306,-41745495548.85261,Region-37,1.9188479433522576e-16,Eval-C,42.87514083413543
-1298163467.880005,-66560829090.546326,-25519866792.928772,Region-48,5.811104336354494e-16,Eval-B,86.98123658139231
-58926363062.00294,-94308521631.2155,55278273730.54523,Region-38,5.059882693237719e-16,Eval-C,44.89554374782375
47445535449.96536,25870988525.78769,19185362423.346756,Region-2,3.986473487830321e-16,Eval-C,97.92482787019853
39942615430.86743,95196623878.48999,28873140098.513474,Region-30,1.1963924321167518e-16,Eval-A,95.98343813988768
-50745853179.36535,-33757237075.375725,51501964563.7012,Region-30,4.167144967605914e-16,Eval-A,32.913670555608036
80681551172.5586,-76268859360.74954,-76404200112.59485,Region-50,7.277164861586473e-17,Eval-B,88.59236704168032
-79125708383.4342,14077465073.50615,66641891382.05249,Region-9,9.877806370823728e-17,Eval-B,84.76113742156492
96537647918.26514,81270842219.12924,41123960836.02881,Region-46,4.1592237376738677e-16,Eval-A,21.068039732756283
72049562195.49292,56812355965.69577,15468345039.274063,Region-26,3.053884281536441e-16,Eval-B,62.42904007832697
37579729095.81503,24503173682.543198,77947066956.61133,Region-12,9.25545070418965e-16,Eval-B,7.268231558981486
87749977655.96658,-36988700678.480125,40061270776.76141,Region-24,3.7571204832221683e-16,Eval-B,83.67107205834617
44462233664.74155,8376034655.243988,-59660007473.79492,Region-41,7.578605434908795e-16,Eval-C,17.454588350349653
-61908600593.990814,-81751031739.14893,-14050923784.866653,Region-30,5.302522238909791e-16,Eval-C,7.081470138576451
-11568772377.437653,35789084856.13399,-1191426612.8533478,Region-46,7.040886277856491e-16,Eval-B,40.021909553881116
-85699395133.67293,45019203779.53018,-88956474649.91887,Region-41,2.601233818555691e-16,Eval-C,57.69221385996435
-22068515542.376923,93006324581.98376,90927502672.01114,Region-1,9.419055537886007e-16,Eval-B,85.4916958559771
48320603947.44174,-47920528250.98567,-74284547840.6243,Region-41,5.300931960294548e-16,Eval-A,97.42425255217366
-22711329813.836517,-96308716191.39548,39492253445.34537,Region-5,8.313257580445369e-16,Eval-C,43.949251256986365
-33941164906.373177,9121692885.430115,1246207218.1760254,Region-25,3.650520430191788e-16,Eval-B,6.044692298527021
19071144502.062378,41358100879.362885,-94873550023.11548,Region-45,1.0022034693703404e-16,Eval-B,74.91155790258706
74440905799.77899,58081495176.597595,84949495172.87234,Region-22,6.737149106043716e-16,Eval-B,56.51732562239374
-90483361490.77751,-61252213395.03788,70367361763.78665,Region-34,7.769570740941112e-18,Eval-A,44.789134484446315
-22905913060.052917,-47649426192.59527,4851585580.767105,Region-3,4.752982236357426e-16,Eval-A,30.926887879218967
-68351851636.94746,2518185053.459259,-54211532772.11095,Region-19,1.928099746474326e-16,Eval-B,50.239852784353566
39070850146.37393,-33879838005.999626,-75675421863.98116,Region-28,6.273792306803179e-16,Eval-C,33.86796044570309
-78855087913.77303,72102297317.48901,-27321504113.574677,Region-49,9.79420078939121e-16,Eval-B,75.70118677473603
32961551716.048904,-5247969252.255951,-48914343790.7819,Region-18,4.644082622915828e-16,Eval-A,54.38936964926411
-42763825840.41853,59915728820.400604,1338240201.2597504,Region-45,8.175000815431014e-16,Eval-A,87.68477741541119
-60216637252.55506,16123952096.470749,93281859224.68579,Region-40,5.077891091092516e-16,Eval-C,54.35439146494421
87270511564.99707,54618028323.42239,14990698645.928284,Region-35,4.95845072703713e-16,Eval-B,23.826241333993003
-96295084650.80882,-33465402693.935234,77986211178.01959,Region-37,9.30424188943846e-16,Eval-C,85.10918822321445
-12444545622.086212,66283324386.062225,30175767499.15544,Region-14,8.89966969087994e-16,Eval-A,55.721904493004395
-95674601507.64125,-45085536889.795685,-4950694682.559906,Region-44,7.858026071833226e-16,Eval-B,20.684103814356124
-3281390379.134201,9219761600.658157,70921512546.67426,Region-6,2.96262790759251e-16,Eval-B,62.350780995622216
209475558.88363647,-57198577365.22516,-5726377965.400497,Region-40,5.450129656397834e-16,Eval-C,35.771676494242755
-35667505721.0506,-4894695674.761322,73725634102.0722,Region-22,2.23904994333352e-16,Eval-C,84.44056122920658
-73567644494.99527,-36364958098.25937,-41684646084.84695,Region-48,4.4392225887955937e-16,Eval-C,45.329973864654285
-24722492453.104935,-46659313872.55715,-74237385247.40237,Region-4,4.84218223629133e-16,Eval-A,72.64413581074167
34452587986.5132,93397003605.60748,71062892872.58768,Region-33,8.316417237689292e-16,Eval-A,9.553620763623716
56479161728.891815,-67985178902.65388,17483032758.533356,Region-44,8.960294050413399e-16,Eval-A,39.60243463023462
6150120477.628464,57465167491.479065,77818479649.79202,Region-24,4.1462591619585396e-16,Eval-B,98.32414364723986
17966878887.951126,96832991896.64297,87565441398.47665,Region-4,1.7714268028786476e-17,Eval-B,80.84602894771483
-59876725775.06946,-96019703251.98444,-89274321925.71016,Region-8,8.617752220509568e-16,Eval-C,15.994080236692865
-42533933354.47011,39805482808.41901,193860371.77366638,Region-25,1.742869357145757e-16,Eval-C,27.77640494772551
-67620877989.52832,-49417638888.74258,-25007090185.094147,Region-24,6.218857450707546e-16,Eval-A,32.981580885636106
-50140929999.077736,-91902435134.33911,25171679414.023422,Region-30,2.4980650725126852e-17,Eval-C,65.03655604954457
-55022643954.89365,-19422084208.673843,58718239440.46469,Region-40,3.995124801958117e-16,Eval-A,75.69947594896556
3889757278.247513,87043562034.17502,-43881956805.12621,Region-3,9.859604425123288e-16,Eval-A,74.95266088079097
12537751158.14589,-97646981126.60046,11359676874.634323,Region-24,1.0070259416779207e-16,Eval-B,50.98740563064028
88989484164.3009,17577138385.95633,41745715980.97992,Region-24,4.236989150681224e-16,Eval-A,81.08205378381513
-60885870579.69539,279295719.0648651,-73113783432.8532,Region-12,3.0715687869045034e-16,Eval-B,43.7078082757475
28335142032.299194,74676832874.2095,62813381190.25336,Region-42,9.050890725070304e-16,Eval-A,12.388056529556192
63451853797.50458,-83199657095.87486,21221919970.59462,Region-36,8.693414145062762e-16,Eval-C,56.44418416538133
12048292756.610504,36305205977.33006,89907487422.73035,Region-46,2.377063833186258e-16,Eval-B,95.23013846011067
-48999269499.78486,36021939686.65546,-32094216173.861343,Region-5,8.119697517256067e-17,Eval-A,79.29936513925114
-47489953995.999954,33816003372.45665,-78370811532.56027,Region-36,6.27142122677177e-16,Eval-A,57.870064769224236
-92149389385.80002,88466898987.00739,1300240207.3850555,Region-46,3.3637534819659096e-16,Eval-B,64.68056603490969
-38911154690.303665,64617505801.3761,-82837845658.11223,Region-50,6.72087669762157e-16,Eval-C,93.05620270355726
48920735800.676025,-91605454751.2988,93905304664.80136,Region-14,3.21294348702538e-17,Eval-B,42.83427944349605
-90496448558.57793,-5783429859.097366,-92263008348.56169,Region-9,1.3340790118513765e-16,Eval-B,33.13941389426374
-56140943499.03387,-20409388759.733307,50700780221.46161,Region-22,6.863753690503157e-16,Eval-C,97.7241565000449
41246499706.356384,-37970555781.839584,5020479628.448807,Region-16,2.1237853159594477e-16,Eval-C,86.34431335103334
56530312564.57532,-9732654969.180542,-26275869500.34227,Region-35,8.57589099885644e-16,Eval-C,32.30435846186024
-8936317987.614319,-23161163014.804504,-86831567098.26907,Region-8,5.860030180125833e-17,Eval-B,46.37805973609228
39614867695.72977,-13533220024.266937,24433384834.721542,Region-42,2.154898279657468e-16,Eval-C,41.5078129007799
-22409566269.02159,95852373121.72849,17044065878.191055,Region-31,9.985602628825839e-16,Eval-B,14.90956786714339
-68017350995.1745,-82273405050.08385,-43823345386.48005,Region-48,4.3308177182576685e-16,Eval-B,95.7819323813259
-20370101295.4187,84446173967.74597,82044340282.06241,Region-49,7.029686338880081e-16,Eval-B,40.43124312197588
15993564040.62857,-3952657305.7946625,-39177998531.432625,Region-38,1.8267122222652512e-16,Eval-C,87.5329082637908
89610656370.57806,24748449099.908234,-10054917881.578766,Region-45,6.098726362981879e-16,Eval-C,18.93562276806651
-86249809582.26454,66036593323.53876,8752491183.73114,Region-14,7.261088073087349e-16,Eval-B,54.78708106372198
1478818768.9921112,-27907394170.148895,-79953624364.74278,Region-49,3.144834911001519e-16,Eval-B,2.396138512426982
-34216044357.855125,-13915618382.406631,86432343842.72647,Region-48,8.288988230047581e-16,Eval-C,76.42204838423086
1662338855.338913,-18096303944.257202,-25092769509.79178,Region-49,6.034215442964985e-16,Eval-B,58.09138982462784
-95204910524.69366,-25053795492.848022,-83844157225.13127,Region-15,3.8912911838493414e-16,Eval-A,62.55895834697527
-37394929059.68373,85105864329.379,-22541765264.934006,Region-21,5.576468169192252e-16,Eval-B,5.172088255465345
63973629505.401,65785978238.60242,20040509418.516144,Region-23,5.767650798274499e-16,Eval-A,21.10383302086154
10788346770.927505,-78200002027.40479,2730534364.265915,Region-18,1.655436373409391e-16,Eval-A,7.433087235358016
-9883501436.77652,-78375329504.5808,38908394807.4548,Region-33,4.0273834254326756e-16,Eval-B,28.891431580381177
-42894985656.93208,-14426097029.401764,-88903211586.41788,Region-44,3.43437153713613e-16,Eval-B,62.7439007682151
-40391495441.72882,-80268524653.43819,-43091877945.588776,Region-28,4.0090871355190034e-16,Eval-B,56.618598431737524
-23379713281.883102,23818619054.223938,63846115368.02045,Region-18,7.611129773793731e-16,Eval-A,61.21498216133902
67114141992.91208,-71261678547.65321,-84021262441.72783,Region-4,4.82543582082598e-16,Eval-C,54.92512713778943
93442641361.65369,4474652793.360214,71097190939.1915,Region-5,9.40316750077732e-16,Eval-A,27.302879567585936
-12268923729.925095,-98556010599.25645,-81620781584.57875,Region-24,2.9368347659430267e-16,Eval-A,24.450749734442525
-21329432250.44763,-36680730317.47066,66890842978.339264,Region-23,4.157094212491462e-16,Eval-A,13.705968353658127
69310155163.97256,35438144734.53108,-27842319784.25467,Region-29,7.869589409109367e-16,Eval-C,84.90708749034921
-14618935872.739273,-3192211954.430313,22441812651.44316,Region-32,5.460291330748171e-16,Eval-A,61.64793585412445
10403634459.130234,95653897199.7976,-69422576870.40036,Region-33,5.470326761429836e-16,Eval-A,18.651101250405976
-53811667080.251114,74820759213.24216,-86766255654.96384,Region-34,5.334962960355347e-17,Eval-B,17.720937982123953
48700507155.81503,-28185844191.36975,-56812359195.972984,Region-8,3.9860567672182867e-16,Eval-C,87.30356015261367
6397663654.156372,-90902691705.54507,-74429236418.2609,Region-31,2.707410250844083e-16,Eval-A,74.27308637633193
61806910048.06833,69125260023.00375,-37518820464.07365,Region-46,9.993351294798871e-16,Eval-A,65.93990799053714
56146546005.73395,82246862062.93427,2876649302.2040405,Region-35,3.08361987081604e-16,Eval-B,40.68641075392998
-56999046345.994286,64125478683.80734,17751892713.001907,Region-44,8.844976898285156e-16,Eval-C,26.197556427851755
43127110111.55249,-74410011816.04703,57973621475.94858,Region-35,6.762369727031271e-16,Eval-C,97.94507631128238
60010881590.27429,99583026882.45755,31247978649.671722,Region-19,3.4092300002799857e-16,Eval-B,79.72395750228002
-30778551843.52098,-48283155689.44524,21751665025.9106,Region-29,5.4353894303034e-16,Eval-A,30.177922313627647
-65478177419.54509,44840982561.67401,-17643594502.845078,Region-40,8.405374745903943e-16,Eval-B,84.75647962784947
-99473568884.08237,81606975267.14432,-5238313007.9722595,Region-24,8.833694643479316e-16,Eval-C,75.89319486146815
-9819269381.370361,-52862577133.858116,-17095834121.963776,Region-44,1.6040227106739516e-16,Eval-C,29.708054987799837
-29513453692.23169,81651710935.41321,68433206012.27661,Region-45,3.395797454767576e-16,Eval-A,42.65528542416397
10981966765.081787,-38103684161.0266,-53999909490.32003,Region-5,3.352298279817696e-16,Eval-A,18.595344539102665
-62391781482.24284,95282644476.81122,-98855813691.60707,Region-13,4.2054375627983936e-17,Eval-C,11.105244437810935
71933109533.29504,-43747995923.90508,30263979445.247864,Region-30,5.98241777474298e-16,Eval-C,72.27620328396968
-48448956874.37807,90687164951.56705,-59507563272.23372,Region-6,8.548215047916582e-16,Eval-B,26.751185735386663
-54714078982.47,-89291069821.46503,78023027261.96185,Region-6,3.815805720816396e-16,Eval-B,82.00593657462537
-3857188703.1288147,41854402333.962616,71809265941.3312,Region-26,7.400385446247272e-16,Eval-A,99.56087115144261
-229795251.1451416,6422226767.400742,-84654525614.35883,Region-12,6.27704136596604e-16,Eval-B,7.661981392964867
-56982954242.98143,-4424584575.453873,-78722318917.18454,Region-19,3.7565497900564595e-16,Eval-C,47.30351250837003
-45627854654.81685,-55301137148.832,-965681550.666748,Region-5,1.4106838889430217e-16,Eval-B,80.2062559310803
-66058952168.95101,41119157955.2984,21844532553.870926,Region-7,7.093267595374396e-16,Eval-B,78.89508965412335
43692035664.63336,-61838101710.73858,-45018332503.55185,Region-11,8.545666232895511e-16,Eval-C,75.99971583309684
54017806250.816376,10568359196.953644,43359543339.874115,Region-18,6.858576338565679e-16,Eval-B,34.899493530191094
-7534300508.143478,-49350927391.94984,18983204183.774307,Region-8,1.788830524997772e-17,Eval-C,45.38532556850523
42817404537.00348,91124275956.27121,-35035178050.28906,Region-45,2.1624073206204736e-16,Eval-B,59.49683573414703
47187078387.489105,-94273761232.86943,-94925702391.53688,Region-10,6.948929008368308e-17,Eval-C,97.39405835732572
-72344894464.43828,-60054343977.752686,50030056259.70352,Region-32,5.70390395715231e-16,Eval-C,32.75472709384929
93235604966.90735,-51537878722.51045,-57049266834.98346,Region-10,7.564801140636241e-16,Eval-A,92.31438877168577
64206389419.286194,-17186434846.43672,66894748692.525665,Region-14,1.1058808127678876e-16,Eval-A,26.935691818049413
-59103307760.8353,-53453951625.989296,-15941947989.148956,Region-34,8.383394372151793e-16,Eval-B,98.90744654737045
-62766992850.78595,-1730181946.2429504,15415488526.353088,Region-41,5.555134233056992e-16,Eval-A,67.02636868275917
-74867770884.08345,74493104651.7078,74589746081.80038,Region-2,6.899721124516035e-16,Eval-B,46.3511480358551
-72324287491.61633,42412684281.83417,72724600183.99066,Region-19,9.714021345901601e-16,Eval-B,61.33904280636049
49632359805.73923,15992396107.022217,-25696084951.285355,Region-27,8.369015143781485e-17,Eval-B,27.25311690402068
-6069148609.675293,-82199364403.46407,-58222221457.03137,Region-44,9.012250107375595e-16,Eval-B,27.41738575114666
56586834547.97345,38798421677.85513,55029215545.71893,Region-35,1.2611143496044945e-16,Eval-B,11.355454384349384
49250978870.04108,-66717143137.81203,-13383959279.573761,Region-9,3.9296487704861595e-16,Eval-B,11.405029770539876
20922542701.044327,57273477192.3396,-61591601288.19918,Region-31,8.514401819441511e-16,Eval-A,34.767174146891136
37273321315.7359,-49988648297.96936,80885068463.43005,Region-23,9.062551741955009e-16,Eval-A,76.28554778963716
-96328855124.17165,-16590254335.819824,-60379161151.782524,Region-27,5.063766098284099e-16,Eval-A,60.79711675981625
-37644470638.995605,-29905959536.414413,-94838566361.75378,Region-29,5.941086972290424e-16,Eval-C,10.258456033102082
27564435851.882034,71762782934.97134,-95944005246.516,Region-48,7.0815025312521125e-16,Eval-C,85.22365249759109
-98131009302.75116,-74691108257.31837,24463071290.85286,Region-42,8.327603408660297e-16,Eval-B,60.13676269900664
-93404611263.48132,13128976476.957718,32335012143.506073,Region-2,1.215199544259708e-16,Eval-C,96.08555767847797
70377596494.07663,-71587678111.38756,-37791658988.60322,Region-19,8.100712075361454e-16,Eval-A,67.01854674112076
36804972338.41435,40959167226.43732,-35997802150.58732,Region-13,4.812813377501117e-16,Eval-B,17.5174863704181
-46926053375.931206,81015625558.89624,-32101216988.01145,Region-5,4.506289188739179e-16,Eval-B,47.378336230782224
37592568023.74179,-13078469226.549316,36031709351.77573,Region-2,4.2390551299947836e-16,Eval-A,64.84975975472041
58491333827.85266,-2381547947.004822,-88373241794.63428,Region-15,5.092164931301902e-16,Eval-B,2.826470104997769
-38641143377.979744,85484567296.55246,85823270538.26514,Region-34,9.450511028890696e-16,Eval-C,1.4910264154807895
-92792524500.1625,4198277729.8714294,-55495791164.51071,Region-42,5.482082907544237e-16,Eval-B,12.94030005985679
86555824937.5469,-2480312390.0878143,99934641048.41846,Region-22,9.531780064877566e-16,Eval-B,25.166443504547075
-30964032340.8739,15665820540.860825,-65695461242.56261,Region-27,1.8029832771433444e-16,Eval-A,42.95491235206755
-78703647343.05872,37845947272.59039,54309291462.475494,Region-38,7.241387374728448e-16,Eval-C,48.74404737597884
-1628625721.3705292,-78623324982.59372,-55317491014.075,Region-22,8.122414162133612e-16,Eval-C,13.802760893789678
53693559132.82675,64222105548.30322,-83830639671.34921,Region-42,6.791320400465486e-16,Eval-B,67.33915791158309
-55670537076.48817,-12898994509.348145,74986664870.12976,Region-42,6.069262110037381e-16,Eval-C,59.613806169653486
-46101989973.32733,-85530298020.5029,71750251838.17838,Region-21,5.648171329583715e-16,Eval-C,29.446409884116022
-51457002640.28336,57236533839.64261,-19285921510.079727,Region-32,8.609318732738702e-16,Eval-C,1.3659883435292008
98334610566.33563,-24610005662.745575,40479228508.08536,Region-38,8.216483806985285e-16,Eval-C,7.764791535329074
-60519253253.891495,-79926500980.98921,11413186536.783432,Region-43,1.2229749829338773e-16,Eval-C,39.16947755108394
15104043393.224792,26755807908.650116,70591222734.74976,Region-45,8.485891711543079e-16,Eval-B,15.397435116568392
85052928331.39285,76026270686.72833,-36988806136.26911,Region-34,4.1407447875424814e-16,Eval-B,37.681960614797084
-70620686224.44415,77550701882.79727,4734479999.797043,Region-36,2.5370429302751087e-16,Eval-C,62.81826045103551
94170839573.54004,91532694961.79465,-2925525759.089905,Region-29,8.697698703282458e-16,Eval-A,54.72374278792835
89495446879.12491,73541091953.33759,-29218834748.62825,Region-30,4.3203047938574537e-16,Eval-C,23.117588313739425
76914397411.65253,-99571816130.90495,78291012911.27444,Region-20,8.083666065299149e-16,Eval-A,34.38224912587524
-57088695733.99955,-23951766717.32196,-66824415067.492905,Region-37,2.63410977919725e-16,Eval-B,61.40311984486506
26811011202.19667,63708515981.10062,-70098272095.86078,Region-9,3.93928212900358e-18,Eval-B,86.08550280434487
52178294592.24802,-26749398800.30516,15381907064.550278,Region-20,4.954642383110154e-16,Eval-B,75.32134387388773
97205585639.28595,20309701275.941223,31498845996.988403,Region-11,1.0023725436031785e-16,Eval-C,55.340002683341496
-63915235583.725914,21263389474.906403,-61076149135.08697,Region-17,7.543784117653545e-16,Eval-B,36.22929983164862
53205179903.85928,-26994939192.235397,-21856511549.07518,Region-15,2.7608237531804974e-16,Eval-C,36.50512775418054
-32239766014.577408,80894785456.25754,89312768595.74875,Region-31,4.4365121014701276e-16,Eval-C,87.94173102643961
-64874706886.399536,645669077.223526,-50676515461.865204,Region-24,8.704269475590334e-17,Eval-B,3.92435760405464
-15724611757.22902,-7043158812.499832,33672140423.47882,Region-19,2.8666638185476822e-16,Eval-B,98.7982644420261
58767182429.72327,99502749132.37918,48029878739.51816,Region-50,7.814924283561395e-16,Eval-B,66.43754108515623
-7030039259.189575,-1299927185.4766693,-10374260106.968094,Region-4,1.5159639602320046e-16,Eval-A,68.11376990723905
7504620040.609695,-64320349614.28379,87505197351.9166,Region-10,6.471630895313462e-16,Eval-A,3.7997837304742155
99031882040.02423,2613884572.687607,47331347043.75809,Region-23,9.174266785459732e-16,Eval-C,60.552927489127214
-20178140088.5148,62803347103.98599,-8415084027.820435,Region-19,6.798399613901227e-16,Eval-A,48.4778060090447
23080150941.84796,55372065379.65628,13867040355.218796,Region-30,8.11023579075334e-16,Eval-A,10.577890689406699
-26951159676.92563,57716353021.694214,38522688685.02014,Region-11,1.0898053958762276e-16,Eval-B,27.792201076935907
-21442870734.259018,41604756799.58237,18438036085.843643,Region-40,2.507393186837945e-16,Eval-B,89.03144562136512
39128150689.081635,-49156434186.66235,75739516765.21518,Region-11,8.945399068520687e-16,Eval-C,54.99884158659529
87577395218.97668,72416817168.0463,-28622267543.91977,Region-46,7.151084625619531e-16,Eval-C,41.34165751739087
8471790098.464279,78688693075.25302,-40022851988.83901,Region-35,6.395574308390474e-16,Eval-A,7.268215584081094
53679985789.75598,-61169460676.29019,-57232222100.947136,Region-19,6.637700984543388e-16,Eval-C,71.41215274023057
-82158688236.60724,-73908872689.72122,-92443406387.08098,Region-12,4.1420641229910043e-16,Eval-B,70.28508233960325
-57768392513.61461,95120993717.82242,-91397207123.98894,Region-12,4.4566186051337046e-17,Eval-B,61.40436069725636
426328183.90649414,73664792730.07358,74011038621.85657,Region-46,7.844436976553084e-16,Eval-A,51.02626462206492
-95997655274.24504,78647229441.98935,35678629281.18146,Region-45,6.787164490829918e-16,Eval-B,43.37844022073727
-49429004247.48824,77275276924.87903,32106483087.297226,Region-43,4.728097360680836e-16,Eval-B,59.32710929879923
3480257964.993225,8337364806.7456665,22928563786.977203,Region-10,8.997606177721039e-16,Eval-B,23.33954517284067
-97007760348.73985,29280347333.159943,69843828938.82098,Region-11,3.3616630338844905e-16,Eval-B,94.12590641776477
-47090742754.79166,9072570426.728333,-3946614866.8745117,Region-16,2.9432880101379366e-16,Eval-B,58.879452918022956
2806163895.173889,-89758730161.93419,74082165711.66006,Region-8,8.727975971161921e-16,Eval-A,31.119244435437654
14629849596.24913,49100617070.554535,-28110994763.55217,Region-3,7.9698968488243795e-16,Eval-C,44.967985088515725
85150338611.0611,1066406667.1760559,85341500867.81812,Region-21,5.149846608502383e-16,Eval-A,80.56847888768924
29069124650.121567,29541814958.04596,39731396016.24802,Region-37,1.307434321104554e-16,Eval-A,16.161606073029745
-17052839494.001251,527960995.10705566,-48564572795.11455,Region-9,2.1507932075033783e-16,Eval-A,29.28356224602604
86070235426.61356,-1637735535.5088043,12816984337.725021,Region-29,6.562314281289025e-16,Eval-C,67.95080227365554
56976596677.55887,-65642178104.44664,6606112297.651108,Region-17,3.8504738742803335e-16,Eval-B,31.54892064822239
-59998215777.45048,-44257256971.77021,-72420235653.93321,Region-24,8.364748269340546e-16,Eval-C,79.2501681861466
-73831527730.23605,-68229461611.20885,18248581150.122818,Region-12,9.499555097821109e-16,Eval-A,13.045348717736083
35162327148.546585,-60866740874.93151,-37042875256.608406,Region-14,8.056388689056655e-16,Eval-C,76.26861704546086
11976633115.396759,94595476084.06097,-89530246638.07951,Region-36,3.775516475413273e-16,Eval-A,6.835171485056623
57934722758.55115,-69377310845.56032,89731231541.31296,Region-46,7.886885423671318e-16,Eval-B,1.2592612667494785
47761010015.737305,-46145915138.95847,28298073812.85756,Region-3,3.514481590539488e-16,Eval-A,89.82235188321621
25042306771.503006,18117931547.716995,75383786374.1694,Region-43,1.6710841676475625e-16,Eval-B,58.133921693229865
97276434325.77844,22035715247.32837,35211201002.650635,Region-21,3.340287093380874e-17,Eval-A,35.182689708681146
6717946022.081726,-69205174051.23419,-28603261571.977417,Region-23,3.857228555938925e-16,Eval-A,23.25946369638504
-77378848699.65604,58743485157.04245,2537614465.7622833,Region-10,9.03560268104245e-16,Eval-C,61.68857832608161
65654712963.19766,57040573582.565,35149352069.43541,Region-24,2.38994197889799e-16,Eval-B,50.90021835367382
-49629327530.8582,-52536459159.22178,92050465040.2875,Region-29,2.065210997981347e-16,Eval-A,99.15977755299852
55460429628.78366,-42266739464.90791,-49266108175.660706,Region-35,9.69821087033188e-16,Eval-B,98.32159866537458
91421419200.01028,87597573091.89938,74995411724.82355,Region-11,2.5013862809463615e-17,Eval-C,63.50245661416096
39359102792.868256,65134289195.8956,84815561058.85388,Region-35,7.857842925722504e-16,Eval-B,44.28705061058905
19206032189.96022,39559406612.50476,34083102931.791306,Region-20,3.21376742041313e-16,Eval-C,49.11409691346621
-7922764864.991882,-83553355697.8799,86253325480.26755,Region-8,3.7497581990090637e-17,Eval-C,68.24790662368619
-27118026800.919342,-16347183819.484863,-20424282504.526306,Region-2,9.178033621841815e-16,Eval-B,10.157454423538137
-29399049805.63275,11860374415.365402,90603235208.08856,Region-26,1.3965093378628153e-16,Eval-B,32.83520738107182
27274541141.91812,-62517742403.24461,40556575433.19498,Region-32,5.517837659328582e-16,Eval-A,7.527224100360385
50254623387.549194,-10354683578.355103,-91598846516.23763,Region-50,2.7406146688747356e-16,Eval-C,7.3360759516919565
35703413896.88287,20205175497.73799,81374566363.81055,Region-10,6.52021502566692e-17,Eval-B,19.583924189423374
-60317979761.28745,-34524663976.92016,-3105438193.3614807,Region-30,4.993198643852246e-17,Eval-C,48.52532545932269
-1202563971.3017578,56188963790.09744,-7934603044.433426,Region-21,1.1556554326935044e-16,Eval-A,78.47743211627893
58328014436.61261,68089916327.76108,13293321195.92685,Region-10,7.137630021924116e-17,Eval-B,48.549589116587256
-4859184362.188751,-35278106113.185844,-70123090645.75443,Region-1,7.605605099387678e-16,Eval-B,33.54766105608697
7324655947.09877,67731430898.491425,-6166790286.520279,Region-48,4.855713466214063e-16,Eval-C,8.235299033675814
54227209634.16443,-79284686779.397,66225443343.54913,Region-35,3.4289866242806624e-16,Eval-B,55.02955231831296
32253061253.018295,67545819724.53125,-96903508172.49693,Region-33,4.183747264429059e-16,Eval-B,27.126858648317675
-18131015823.521484,-69449913666.47668,-45416567935.12574,Region-22,9.289474461052676e-16,Eval-C,61.49341779171474
79082542238.84378,-83414569498.0548,-99509082711.23116,Region-42,9.1075270522002e-16,Eval-A,97.71877391324183
-67486586267.30428,28355080888.20224,-16857738170.030334,Region-46,7.156793233577757e-16,Eval-B,11.131432147755016
99103289718.06494,-5612526848.941132,45663102098.74692,Region-19,8.846835305979136e-16,Eval-A,21.212539872193993
-76229484304.75256,81578120082.56656,59754365822.92569,Region-31,3.1965483110734895e-16,Eval-C,47.30945380993747
-97010005779.15222,-27362160781.830154,89037952225.4013,Region-19,3.811155149150228e-16,Eval-C,96.86138153459295
78003780229.75293,-42569547312.474266,21700922594.157303,Region-49,6.137160447324096e-16,Eval-A,77.18097762699956
-51009298326.808784,146981228.8396759,-49074626669.420906,Region-37,6.236297110377913e-16,Eval-B,89.822919316283
45939925489.34418,-8810762846.267746,84829589827.33978,Region-43,4.817050210139609e-16,Eval-B,33.37148484757929
62203074986.41388,-31114390756.562347,55063150776.075226,Region-10,4.0066384185946894e-16,Eval-C,99.20384737785946
71797278206.42337,38748259739.66571,14885696600.628906,Region-37,9.86180449805579e-16,Eval-C,10.28328160641574
98318847132.83334,51912366782.78165,39128043143.7872,Region-47,8.211254148814632e-16,Eval-B,5.297290604610083
-41192057992.00018,70596793806.02731,84863271001.48584,Region-29,4.349858480860664e-16,Eval-A,85.5602627054028
42048668385.45181,94571320942.06857,42478805694.58432,Region-22,7.272952043147961e-16,Eval-C,92.72648702069863
-76920028343.83435,-46668761573.49911,-26325098483.053207,Region-45,2.6956899763552704e-16,Eval-B,9.058535754610176
-18638141728.630127,43218696497.99231,42605640457.819336,Region-8,1.0017832454406751e-16,Eval-B,11.34274267458415
69594338662.51807,-21148352900.850952,-91944367452.92242,Region-47,3.524375012424852e-16,Eval-B,3.3174157755773814
-26468390788.17833,35416394390.22162,-22716887633.88376,Region-31,4.0297877039539303e-16,Eval-A,10.45075626427241
18219076107.122818,-4803661930.15593,-18735393630.88414,Region-3,1.6546959189425197e-17,Eval-B,20.94198168002809
754688744.9268188,98754620553.58633,-66632353115.83307,Region-9,8.147938537158798e-16,Eval-C,97.0076618910001
29190306222.40901,45780427158.149994,-95382903889.64597,Region-44,3.591998104551577e-16,Eval-A,66.78602222396805
94578877877.53897,90498260086.8649,-73323752672.45143,Region-36,5.804223615984893e-16,Eval-C,77.85530255185421
-88852894699.71957,66993909896.23715,30924299159.41101,Region-8,7.397244763908327e-17,Eval-A,77.61394036915222
14792303500.325943,80580202232.67422,60457763272.73752,Region-20,1.750050787822965e-16,Eval-B,53.507374977921465
72605755850.05695,62883839442.935,97640698545.39484,Region-2,8.896948283903068e-16,Eval-B,79.74889777130171
-3723457650.314499,-8168173924.8177185,-30727299378.301147,Region-26,6.08691441007522e-16,Eval-A,59.58075323899696
-84294562811.68544,-49642309330.62312,19875844452.220352,Region-40,9.50284547329984e-16,Eval-B,31.45460976033576
12107870483.354172,-25935964909.895554,87428993363.02438,Region-15,9.98750046890973e-16,Eval-C,56.11101087684007
-33585221835.23591,-95952753472.00992,-66591643732.36948,Region-29,3.718663967319411e-16,Eval-B,53.350858613451344
-69011642932.41281,4798633492.933441,43529117268.54852,Region-23,2.9881007605263386e-16,Eval-A,82.34530537593207
69806902656.69461,1011560054.0817413,50995746629.83264,Region-6,8.583574715985452e-16,Eval-C,98.1727217381659
4319902598.224319,5050092966.097641,-82204892826.13232,Region-21,9.986114409231838e-16,Eval-C,41.104256542093054
86655282475.81332,94806244994.41278,72249877036.613,Region-4,6.29644937820115e-16,Eval-A,76.33906784413597
61203300920.6138,82290800690.96786,62621009422.16876,Region-39,7.951427711042973e-16,Eval-C,9.976300403813354
38594358754.73346,-67657444333.9784,-93319398684.5131,Region-42,7.817480413566864e-16,Eval-C,77.68313694482886
-98994899326.9376,-26223495688.82216,-81783117023.9897,Region-13,3.5534615482246483e-16,Eval-A,37.14169119932321
-14435308672.350006,-15208764107.34761,-90174621221.62953,Region-38,5.742746375532847e-16,Eval-C,3.9390162889686664
-60502743669.59354,-27893416429.67044,-33051293640.127556,Region-34,8.33058610694801e-16,Eval-B,36.32461785621772
82159582209.77356,59699192720.78262,1857798135.9852295,Region-15,6.881169951222929e-16,Eval-B,61.06427509216448
-65083203064.72794,4807533973.51738,6469545590.925766,Region-50,2.117360234389844e-17,Eval-A,11.925016768146657
-42787989668.1429,14419963394.325012,-46466648046.11147,Region-18,3.3671230184084457e-16,Eval-C,92.40344924302546
3367353546.899826,70602711797.58511,82319377312.05484,Region-13,1.4448425183763943e-16,Eval-C,7.767241327283858
-47327276200.38415,61185630683.07172,-26347442025.617355,Region-2,2.3297988235591836e-16,Eval-B,93.00067198331662
-58027064544.175766,-73557695435.94006,-90889968806.9295,Region-6,9.054904225965508e-16,Eval-B,70.71375179356865
19819865020.55049,42782916816.72687,-39954577691.722725,Region-35,3.690291997787905e-17,Eval-A,32.97121754142036
-82214095448.99522,-12912774219.592896,6221884508.8311,Region-29,2.1980851395480415e-16,Eval-B,39.075034770909326
-88366448255.81506,-41070219387.49991,-18355635482.353592,Region-44,3.0957625654470914e-16,Eval-A,74.08093647327442
-25550940962.78572,-89996235819.56273,-45231496180.14817,Region-43,6.168879031256752e-16,Eval-C,60.14711008812073
44132890901.57245,-2550087930.9098053,-73735350047.13652,Region-6,5.341063490689646e-16,Eval-B,67.16429214549451
10961351654.789597,-28912663855.09372,63832900019.24594,Region-33,2.1827730015855758e-16,Eval-C,38.916461651348
-15424706306.644226,-49697392064.71983,99229048424.83838,Region-26,1.6424942481248225e-16,Eval-B,48.7813481807599
13150312844.916473,38934345919.39151,-34091573295.223587,Region-13,2.368056666157729e-16,Eval-B,98.98674840378933
-26909703069.345276,53897077463.1174,-23675791164.679214,Region-32,5.025346014053886e-16,Eval-C,21.39228704997177
87229267086.42258,-51042096194.115036,23607504935.391403,Region-21,2.711850739333464e-16,Eval-C,41.78561865221314
-89019021817.84514,-90110512664.13055,43688294947.10828,Region-39,9.476030255827062e-16,Eval-B,29.18231875739673
34678295805.96704,69750540113.047,-21594093039.281754,Region-39,4.638705827766333e-16,Eval-A,76.51115104398498
78256532965.55011,-98008051759.13934,80985903396.36304,Region-33,5.880542858447163e-17,Eval-B,76.40126256657207
60776941747.05069,87422498784.2944,12000797845.783676,Region-4,7.292691131725751e-16,Eval-B,29.244546099739587
-63191793035.710655,25523974796.541183,-9921984718.813797,Region-43,3.2885199975610757e-16,Eval-B,8.13903166329829
-40814730203.94233,-35630672959.73594,29334550631.981033,Region-24,6.53492397168927e-16,Eval-C,1.1432676672204045
43409587741.42093,-50704418084.652756,90560769649.83463,Region-26,2.796015745795268e-16,Eval-C,42.74505332424855
-83145888163.8469,-98198867147.10495,58910458884.341095,Region-10,5.707480342959026e-16,Eval-B,41.03375943357709
62372339966.516815,-52905716597.82457,-91997373892.97513,Region-46,7.721547832824167e-16,Eval-C,98.83898786398629
43781388920.95807,-72454339696.57178,-33538017852.00807,Region-28,9.280094616871362e-16,Eval-C,46.98020756976796
45921329847.06851,22433244144.629135,-5891063009.755463,Region-24,2.6113453316163277e-16,Eval-A,25.641836957542065
-79951725946.48172,-66690882281.23974,-37096485558.17895,Region-25,3.348636024294712e-16,Eval-A,89.12294410314674
43552108963.246185,5725967507.323853,40037512166.09131,Region-24,4.642717776217368e-16,Eval-C,49.10679496535785
35963625043.994,18023284468.894165,65253829972.516205,Region-1,9.271755659876115e-16,Eval-C,59.91756352105778
66184498164.37012,-40391660330.617096,46269019037.05432,Region-19,9.013878429420891e-16,Eval-C,9.566871042821267
-91680808748.7061,-92987010196.25626,97866657365.65506,Region-23,8.988738131783703e-17,Eval-A,38.291640732977406
-95377866306.44156,-92549223877.16078,-45490470421.39418,Region-23,1.3193850645555332e-16,Eval-C,94.42236744737868
-25398580024.287857,-94730533561.21648,74997899004.88431,Region-20,4.95514222238865e-16,Eval-B,58.95053841754254
-70242343230.16942,47824933427.309235,53324533034.89725,Region-29,1.0662820661269545e-16,Eval-A,34.450185514246165
11676895514.044388,-36398059037.14037,-27564248488.370773,Region-36,3.45587417539964e-16,Eval-C,62.56671806315931
83469780301.34976,59260037193.532715,46824908731.39374,Region-6,1.483938943636955e-16,Eval-C,91.04110895781162
-21704053933.196854,-13653435231.43016,-79184808716.35062,Region-14,6.360439947283346e-16,Eval-B,27.399060047259006
68990075454.52081,-9400379834.007233,57866696468.11047,Region-47,9.494959367848444e-16,Eval-B,50.51167184706744
-99951825096.42671,2576520501.914749,6466120517.420532,Region-29,9.967338029566787e-16,Eval-C,95.86906539117554
-66297071308.16316,42606291275.02078,-41541965458.14937,Region-48,3.752473800855899e-16,Eval-C,17.239614329845267
-93915292069.18288,-45299426834.058586,31155460356.83603,Region-27,5.990166469882412e-16,Eval-C,71.96639255967115
-34370563896.986275,-75682530093.29462,28323999742.881805,Region-29,8.562690908475461e-16,Eval-B,61.44810082029824
81637919139.30057,11211467038.292297,-58102755456.080055,Region-19,1.1747089817565604e-16,Eval-C,67.96751311406348
-80609575280.20245,-34604475351.45215,-93920517037.69478,Region-11,6.895675154078545e-16,Eval-C,35.12196306675697
21281955348.76007,-11501737266.392517,-13275482619.665222,Region-47,4.0884957328845105e-16,Eval-C,31.387937348376493
-9700812176.11116,29389341667.461075,13902373868.884247,Region-28,2.061540988185613e-16,Eval-A,68.42096705883705
87693642473.1625,-1174851771.7458801,75321055674.11969,Region-47,4.027595912112546e-16,Eval-C,21.554328510454535
-75496171492.58124,24055763420.16858,85643359129.51889,Region-27,7.596952736204721e-17,Eval-A,41.965474485900515
-57594429899.554214,8840000422.72557,5761043631.353287,Region-9,6.954101945178199e-16,Eval-B,18.8174646052918
-94091606277.70134,47959274387.21982,50760696753.708984,Region-38,2.527501413217656e-16,Eval-B,0.8304841123329743
-13212950073.72525,41187323542.324005,-12139345534.40062,Region-39,3.114125309884276e-16,Eval-A,97.00573600380694
-44433420087.069145,6837978361.723846,49216431314.57861,Region-6,1.2109008742848034e-16,Eval-A,43.170297865641906
73981186778.06418,35780604171.941376,-59039695012.16662,Region-10,8.646604672987529e-16,Eval-A,96.93496144198252
20988162639.55101,74711920454.52255,-25787053039.293716,Region-14,4.934493448399458e-16,Eval-C,14.032351976782609
22818147595.140335,-13545742442.366287,26845599762.72296,Region-20,5.721511563176225e-16,Eval-C,58.7366779457486
6382139376.260483,-17447385450.241272,-96368406878.58423,Region-31,5.694369887680237e-16,Eval-B,20.09740327912396
-81629932554.1598,52849124170.47601,44492262067.7908,Region-34,4.104990096101964e-16,Eval-B,79.00741269632748
-10996263254.928955,16510767408.398804,67107100253.63336,Region-22,1.925379901389851e-16,Eval-B,78.37029887609752
99901037941.70331,-85798643955.48228,-20171667781.209717,Region-5,7.45135297170915e-16,Eval-B,11.260714903931179
67045858169.20297,78422403138.21628,-10411516564.567139,Region-38,1.2706499479502078e-16,Eval-A,91.20644528763891
78691810833.42319,-93843379552.47197,70256442443.30621,Region-49,1.0388275154090771e-16,Eval-C,19.46296472032246
64645271849.2999,49679271241.94861,55130927065.206696,Region-25,7.101479361461274e-16,Eval-A,61.29773415893604
-79391661313.80347,51758828540.86258,-42370102193.325,Region-6,2.0884493208177933e-16,Eval-B,98.56336200877041
-54510349187.04008,90622217056.38608,-35204778687.69221,Region-1,3.0677968362531884e-16,Eval-B,88.23965347663638
-99375669728.71808,-89173118319.53584,35775646478.11932,Region-27,4.752327147270702e-16,Eval-B,95.6563928561169
-39297975024.37771,19371372156.898193,12639618489.632248,Region-41,4.493568232163789e-16,Eval-C,34.25987712181195
-78278519530.70148,-14431885874.589417,-67554085780.70061,Region-18,7.085820392737486e-16,Eval-A,10.557564221946336
-5441330939.683395,-33873409028.09159,-38014018154.16672,Region-27,6.234355591254265e-16,Eval-B,18.83468732894501
35425497714.78038,-81936287940.1854,79996655375.7308,Region-12,6.443997183202429e-16,Eval-C,50.049489507661384
74901059007.61542,12530823934.26184,37634887344.4527,Region-36,7.140571901121508e-16,Eval-C,79.3229678273322
49843433018.17963,-4191854865.0772705,97194863537.10388,Region-30,2.9261980129619116e-16,Eval-A,15.015364418387522
87717119155.70105,-79089108369.79515,53402505996.15387,Region-46,3.223400884673557e-16,Eval-B,65.97315322607571
-89220341921.24225,22497901419.41667,88394886428.71805,Region-37,4.3800336791807523e-16,Eval-A,32.35776040395118
-97564032916.69171,47590624050.58771,-56762285225.904915,Region-49,3.074690984117958e-16,Eval-A,34.12020723921535
32267622767.24254,53455660210.729645,54296974963.38516,Region-9,9.849380195921738e-16,Eval-A,66.19177301579263
-42129517955.55076,81074637652.48547,-95956495970.44052,Region-13,8.140537859021655e-16,Eval-A,46.699941953322025
-49299796778.845375,-18105851622.244568,34152004342.306778,Region-12,1.6466304170914704e-16,Eval-A,81.20332930259939
-33822582461.24115,90614553724.4274,-6143544375.951721,Region-25,5.604099940310693e-18,Eval-A,15.591850966282706
-46040788421.52717,73085881016.5372,-30647985615.986267,Region-19,4.279284041458539e-17,Eval-B,78.99482697670385
2287281260.317459,-40699685795.2122,72480870458.61783,Region-36,2.440710104084149e-16,Eval-B,6.423524805742087
-11970310555.173508,-68143392530.10831,70853538531.50613,Region-32,1.143001429239982e-16,Eval-B,19.405388024560498
2485710275.3312683,-12922120774.397324,-95539659020.27129,Region-3,5.333427815114232e-16,Eval-C,65.61497145031655
34542722300.087234,-19620258408.806686,21901024489.8862,Region-20,8.579966427751314e-16,Eval-B,85.49256565110713
-22573898205.77034,15143861066.24086,-26433555135.808716,Region-38,7.367528534110184e-16,Eval-B,25.267962773934904
-49738462571.56864,16677246465.549606,-16867799699.910172,Region-20,2.156169069915596e-16,Eval-C,32.71916058289129
-66759892638.25091,49997396875.995056,66408147843.75519,Region-32,3.993052630332257e-16,Eval-A,53.71207482867399
-30105176093.4749,1977989641.1220398,-38032045694.46435,Region-36,5.078991305891824e-16,Eval-A,21.157280648930232
48361295049.234406,-79035471811.8469,88609762127.52402,Region-48,8.102077474448405e-16,Eval-A,81.11562615875056
51340982022.293915,71658267110.62122,-64073234725.571846,Region-30,8.391232118901338e-16,Eval-B,77.36366450057608
33381077336.842056,-38047083362.962585,32544484673.63556,Region-15,9.09719214724657e-16,Eval-A,14.529171196578162
-53194364938.625084,94259492061.31842,34421013402.752945,Region-2,5.092501580503701e-16,Eval-A,46.38297318166321
17617249170.939545,-76427978264.04597,-49560967714.41636,Region-1,6.942778036883987e-16,Eval-B,77.48277666546214
14137932315.369598,91650234446.50064,-35049878206.5596,Region-10,1.1180925323022482e-16,Eval-B,33.73295311034148
-3146760378.054901,-81797638623.49661,66959698515.9881,Region-17,5.652933070643826e-16,Eval-C,63.31068227177317
9995797276.772842,-53792772410.588104,52361050990.99048,Region-20,2.4869932255304045e-16,Eval-C,5.021312145757273
-1641873475.266388,-90684011582.69168,-34180823937.048088,Region-41,4.317225678577609e-16,Eval-A,60.868876052931796
13091273214.82164,41022629327.79898,6791309386.986771,Region-41,6.340541678016364e-16,Eval-C,15.265298000060701
43101190924.22574,70059747314.35837,-87663940749.3809,Region-31,2.569933679944026e-16,Eval-A,83.05833251144513
-78074361119.31206,-13185783636.80391,-58250823520.274155,Region-8,5.2194535946183116e-17,Eval-C,35.544946358047845
49925150429.80475,85704415008.48593,-2835888227.9201813,Region-42,1.0243754070193428e-17,Eval-B,28.15538627281957
-72822769974.48116,18059814351.11992,-82805252944.15768,Region-43,2.2169313949166103e-17,Eval-A,84.0888976711485
-86674400317.92506,26001427089.30464,68666470978.38748,Region-19,8.359654016394526e-18,Eval-A,5.014402307181021
95215937244.29352,69083840340.15399,43601242021.52957,Region-27,1.103639530073099e-16,Eval-A,39.66087993343448
91398353774.08829,-40639958989.63222,88726734129.69894,Region-12,2.3949631968298423e-16,Eval-B,37.00035405750314
-87912691011.88719,-29146855734.47484,38693381192.80542,Region-32,2.212293019671574e-16,Eval-C,28.480037424955086
-11349311705.007568,81190383838.92886,88080274452.4371,Region-45,9.86796726213955e-16,Eval-B,91.17543320014771
-62751012340.04505,80192699207.75275,10902511138.193008,Region-42,3.0601304514789117e-16,Eval-A,75.09283935167223
-2931020573.116379,95296555240.17416,20043722212.393875,Region-16,1.2742950915156552e-16,Eval-B,6.392316419193877
66035448599.91748,80367663288.33423,95394210925.25217,Region-2,5.455670885423163e-16,Eval-B,71.46874494349541
90122354948.57806,-74525592793.32782,28425829372.85208,Region-8,8.579588758229544e-16,Eval-C,52.7299133128794
26850530690.30748,64744857227.39746,-93842686227.85068,Region-49,6.780635961839073e-16,Eval-C,90.08678944015792
-29218866557.636597,-18032304378.081192,44760555326.104645,Region-18,2.96089128314559e-16,Eval-A,31.294561734835845
20665113128.919678,98160271189.18756,81093738427.48312,Region-32,5.616205436298571e-16,Eval-B,57.416199960958295
-37599738778.30993,-5543807134.239792,59116049958.865326,Region-5,7.148588256406672e-16,Eval-C,50.0755274740986
81964728166.41208,10767216500.444122,16766654525.084518,Region-39,7.281072113228187e-16,Eval-A,48.95609062276057
74080092621.16739,5954983051.359711,34260702618.703262,Region-48,6.665417899131359e-16,Eval-A,45.610539951721265
11646350055.93219,-35652594028.344444,98038357850.33435,Region-24,8.708117166713703e-16,Eval-A,20.562947553228128
-35040216923.927895,-84995582221.41637,-81867582298.13234,Region-38,8.70106757289521e-16,Eval-C,75.57099224923928
-41322064883.40433,79130246080.3837,33448965726.647903,Region-31,5.789407700414092e-16,Eval-C,45.13360327392887
-93316401058.98811,60535162505.257355,-43320461085.88123,Region-37,4.2986207054752126e-16,Eval-C,95.85162750026058
63164170205.05905,-72094643888.06615,28018079317.23401,Region-28,6.415738798621442e-16,Eval-A,26.08084271927763
-9923357392.19841,55353654270.01459,21524715176.78775,Region-17,8.182138192504495e-16,Eval-C,68.2743839627041
-34973414319.94711,25169333210.12201,-69308633578.36758,Region-41,5.662048320136313e-18,Eval-C,94.07170796391084
-5777929000.449219,-18171242416.47554,-58650670851.95217,Region-44,9.919970890447611e-16,Eval-C,66.34583230160925
63747598090.93039,-49195770180.88745,24325915608.6427,Region-31,1.8290194339147595e-16,Eval-C,87.12729076173946
-75077158458.49576,71945756700.4465,-74354010539.24518,Region-45,4.702542831701196e-16,Eval-B,82.74809597570061
71531197648.36545,40037651858.81061,-46963824973.93543,Region-8,8.720310145455184e-16,Eval-B,36.011771548900384
79501767021.6708,9547981893.827377,67049109547.600494,Region-24,2.2504814864020897e-16,Eval-A,60.01239399394965
89341583006.77765,21913706779.692825,-34581698799.67228,Region-33,4.768004559481442e-16,Eval-A,15.62613398113556
-20502401515.47444,-81786763583.56381,-2387968746.0674133,Region-47,1.3259085435937737e-16,Eval-C,53.552588269559955
-56571919192.46562,-5216047817.761612,88228067029.16806,Region-37,3.9508237462493876e-16,Eval-A,23.04219718143372
-25271836306.660294,-61259941442.859604,-54570182232.61074,Region-2,1.771436834384546e-16,Eval-B,74.37368149524455
-33417580753.719345,-58323264198.234924,-22074796528.39792,Region-17,3.6363411249366935e-16,Eval-B,52.80584218921246
-64769217499.427986,32260792457.373337,21291555108.70912,Region-11,3.7347048215055414e-16,Eval-C,41.12273626316605
21453334020.297592,82251230366.8576,51067785900.79443,Region-38,9.931708578904368e-16,Eval-C,26.879709616697756
-4675167898.274231,-19248677904.33069,80330677342.54102,Region-4,9.948130811734792e-16,Eval-B,99.86984818412868
73140198464.80072,-58450145397.56193,83094597514.70303,Region-10,1.1479513079782582e-16,Eval-C,7.171052088493268
-93578083903.58835,29749387447.33084,55328014874.5246,Region-21,7.25971519640554e-16,Eval-C,4.356068057242002
28773585511.02527,74237409270.06354,-54333832681.33791,Region-30,5.175496221430446e-17,Eval-A,21.725740049386456
52589775702.312225,49663760224.49817,-95038133991.48685,Region-45,3.0201713417035256e-17,Eval-B,97.10724586278197
51897313837.66141,73751446107.31744,-23245213928.875244,Region-9,1.0534284090602187e-16,Eval-A,97.92381683199845
77214793419.10501,7310934202.159866,-71690229802.43533,Region-23,9.65486002151364e-16,Eval-A,65.49277347721359
45806748565.8988,50375248873.838165,42077529487.65961,Region-11,9.408641392592185e-16,Eval-A,88.01066672064047
85562012329.53928,-71987088128.2127,32226117365.143356,Region-4,1.9393588100247766e-16,Eval-A,21.39617308407954
-33468680035.82171,-30345076927.36171,-91205671675.70903,Region-18,1.61680718830356e-16,Eval-A,97.20420941766236
641883350.308609,-22090167103.69551,67318755826.190216,Region-24,2.405426811650819e-16,Eval-B,14.278485013956466
-97184067343.42186,2259149249.206909,-50251346741.76355,Region-27,5.155518386052015e-16,Eval-B,10.112518818165828
-98608482539.34175,85815272051.36475,-13554584901.79155,Region-41,5.697089349890896e-16,Eval-B,11.22115392472729
-51974675909.69602,74859312044.43484,33586747091.148483,Region-23,2.2160121450514296e-16,Eval-B,57.31279232725647
-79838560572.18295,-73094901542.16309,-14116242629.549332,Region-4,7.566252218620644e-16,Eval-C,78.09744007180524
-47957726412.84928,-65442069623.50736,-11742439440.011322,Region-19,3.095600738709568e-16,Eval-A,36.66671778746331
-64591341094.32052,-28471890082.217728,-86874400932.85193,Region-19,9.221321042161551e-16,Eval-B,97.78959877861266
-94295995032.27036,-41851226821.86522,-19711290147.999237,Region-34,6.56726139229666e-16,Eval-C,43.44201381183295
81860829281.20987,22954190631.252457,52969578643.996704,Region-41,4.3635683079166874e-16,Eval-B,15.044855077321628
-98355373722.2217,80555209552.90897,83035267437.31955,Region-5,7.899141025828284e-16,Eval-C,46.59667481861367
47216428867.41708,92458308334.51736,-17300572587.325653,Region-33,8.179164469004043e-16,Eval-A,67.90371654224398
-69570422616.0967,30720590507.045303,-15282834624.184235,Region-13,2.904887007928876e-16,Eval-B,83.22257805043787
82445924399.92001,67631840280.21735,40525421264.73041,Region-50,3.3972114669064603e-16,Eval-C,45.87682899565929
78559187917.97717,5040440046.159424,88554400221.05533,Region-41,9.359557941770661e-16,Eval-B,59.36068260491675
30780229273.85147,-58334610627.99206,-46587811952.12795,Region-12,1.647493909528883e-16,Eval-B,26.734471215885335
34446829960.12103,4937682418.69548,-11971158692.412628,Region-49,4.215999545876457e-17,Eval-C,64.5916526405514
-98932171606.06229,11016520287.530212,59194648710.460236,Region-7,4.540607820563231e-16,Eval-A,98.59719439503436
96974313222.7204,48491512842.7113,21938713874.80771,Region-39,8.012118881446266e-16,Eval-B,4.905357258779386
75566520715.16287,-56023402058.53018,-77882731207.20906,Region-49,7.716703896296828e-16,Eval-A,88.65306707051678
79021245146.0184,-26337923582.653656,25546547112.45314,Region-11,9.195314336065436e-16,Eval-B,56.22825027675228
31848907410.174393,-27194506157.086746,-62650743080.53462,Region-35,5.332053323623966e-16,Eval-B,25.209865956229994
-31042614269.092697,91887919148.23297,2043186815.680832,Region-21,1.0007367091981765e-16,Eval-C,95.48897100092579
78729729818.09616,-11211007934.65622,5820653532.087692,Region-21,5.886930874462728e-16,Eval-B,48.33543030588989
-41696614369.76153,51018793459.6293,75240672444.99698,Region-44,7.783978303970681e-16,Eval-B,33.16902516733856
12542308668.440567,50162276274.88782,-7501145197.512375,Region-20,9.333718698862371e-17,Eval-A,18.149762827084114
-80053805531.22353,-46891163039.35172,-44111515552.82116,Region-18,1.726656745235788e-16,Eval-C,24.445221025666207
84391126026.55005,14373937874.34642,-53806730356.793686,Region-44,1.2300538249059347e-17,Eval-C,83.28490415914426
-71845908445.75734,78860578663.72961,74850375336.86722,Region-45,5.936566429210159e-16,Eval-A,61.44100093171658
-55020638853.91855,-4960456108.610107,-65797829116.354324,Region-45,8.867355246019851e-16,Eval-C,91.3245619488316
11626831625.64299,89023501468.50922,-14826287823.371246,Region-24,6.706666093689395e-16,Eval-C,23.196845215778584
52818600042.59631,-57108354135.16769,-62565377014.6106,Region-7,9.820402671901063e-16,Eval-A,12.113857384890148
23870261187.259796,-85168178845.19385,54660808022.87506,Region-35,6.304302216323657e-17,Eval-C,0.6087530975590005
-53573217439.968765,78290774628.94986,-5125472005.076202,Region-38,9.030020551406447e-16,Eval-C,50.78620376159938
-99811391494.50194,69536239592.44333,-29771261888.63759,Region-23,8.140701467038068e-16,Eval-A,99.83069303819882
51430116061.487854,98517975186.76895,-27780071874.706635,Region-10,3.142483780843e-16,Eval-B,69.4965268818639
97041465182.21875,35878697622.485214,70442841344.59589,Region-1,9.735268165717334e-16,Eval-C,30.839459196514607
61982624061.21808,87337585333.4299,10754790858.887619,Region-9,2.879448687939334e-16,Eval-B,87.68585830261716
-7958676368.676926,65389805016.822174,43573570226.252716,Region-34,8.893058307809802e-16,Eval-B,78.17222659879597
80753452279.82132,68885266624.01736,79407703250.1369,Region-19,8.807497695884187e-16,Eval-C,1.5415166076539255
-18030465376.33,13828314090.853653,80348335208.12842,Region-24,7.576600400268065e-16,Eval-C,81.68604805410224
4986816848.693512,-23527080416.657837,-34298189132.42737,Region-50,5.634748391081137e-16,Eval-B,30.052675723849596
-4574046520.863358,86911614508.65637,90490252629.27707,Region-32,1.200115495893919e-16,Eval-C,14.967346458360108
-10475225466.895004,-13576564876.821106,-95024823597.07892,Region-27,5.319764147791533e-16,Eval-A,22.633083973707457
55038153858.78116,7763873449.933807,-24632887796.76686,Region-22,3.568026876923781e-16,Eval-C,46.8579804375139
5353781453.898392,-10777138574.962448,79159771501.76831,Region-11,7.922191109850203e-16,Eval-A,42.486792706801104
-36656575594.95679,12963662792.039413,-45072624036.60342,Region-7,7.5813162520478e-16,Eval-B,28.888729937422674
-48368366468.30434,-5898984201.534561,-45383709935.73633,Region-14,9.106134012475317e-16,Eval-B,17.22183222070327
-92450536606.51332,-90406488284.10483,-39475542983.62226,Region-10,1.4840014130083555e-17,Eval-A,76.22307896421692
16639032376.609192,76409637201.53973,22462676969.384445,Region-33,8.09105125790878e-16,Eval-B,99.01097837349171
-54007716919.79316,-11121236216.846039,-12333444877.129242,Region-15,9.384626685041377e-16,Eval-B,77.77915804196904
-70373215596.72339,17788729701.46974,45346967270.66852,Region-13,7.893025561036591e-16,Eval-B,29.59369676715412
30765992765.535538,-72162439448.40259,78982128512.93317,Region-36,1.3020315792576803e-16,Eval-A,24.480896141213336
36241851564.30977,-99322430403.47217,34839874988.57213,Region-40,8.128829204983933e-17,Eval-A,21.766587606593824
50430978451.5332,-50941981271.27141,-59106655960.4849,Region-45,2.0855031355302734e-17,Eval-B,13.669507448903628
715379267.7182922,40917206426.670044,86536380472.10043,Region-34,6.287489383758128e-16,Eval-A,55.13305496923012
78810921040.77731,-80161093977.42429,-47101425330.504295,Region-35,6.296763551333687e-16,Eval-A,60.54003719533442
87268550679.64557,81777488077.29358,-70021140934.36838,Region-46,9.869138450810702e-16,Eval-B,70.55026606631372
61474187958.497894,-56995486128.763084,-82006544227.80782,Region-36,3.9804919367235476e-16,Eval-C,68.0213370933668
27118696401.637436,-59081277141.64484,12676748133.233124,Region-45,3.3191296583464783e-16,Eval-B,29.233331128338246
-39255809281.76227,-63698407675.7009,-77247507503.86964,Region-49,6.244286829351207e-16,Eval-C,33.03110053968466
96588984324.04425,-97203657405.72705,-72244823177.47385,Region-8,8.256104164208689e-16,Eval-B,68.15145354423379
-45172766561.612335,54361093695.64691,-39993903880.90067,Region-27,9.367745817835066e-16,Eval-A,34.94476407836283
-59468615601.91379,75006906249.0517,-43669398063.10723,Region-30,8.031261349373769e-16,Eval-B,21.262318961931303
-11569177242.683441,22832540523.239777,20847902066.42845,Region-5,4.2667971387599865e-16,Eval-A,37.43361536967396
-88631885857.52231,-62360003664.02754,63349055894.536285,Region-8,6.349178861697111e-16,Eval-B,27.208415757797766
95698892934.35815,-42944400611.82405,52269931240.57849,Region-9,8.563007637228499e-16,Eval-B,8.831272121857781
17686711283.284958,-4814660527.0073395,-47503109056.70465,Region-2,4.906147822148564e-16,Eval-C,83.01389022766536
11390418332.835052,90869190324.66016,-50937900402.804016,Region-31,2.1669447683895567e-16,Eval-B,85.31113891570364
31159255979.943985,-50529725636.45144,93158306021.39352,Region-23,1.697317425134755e-16,Eval-B,21.975030016687946
-595270444.55867,46329180783.9776,-98352751681.60797,Region-20,1.6774300061094825e-19,Eval-C,6.477219952520175
-93587296581.09169,-12110355341.41594,75944106612.04315,Region-45,7.182408126013345e-16,Eval-B,73.88274373511796
22462257768.079346,-40430530327.995636,-60054296175.519005,Region-24,1.1110609787390206e-16,Eval-A,21.15286258634137
43234775391.28613,-8816812595.577255,89456864617.95358,Region-9,2.438466613049435e-16,Eval-A,39.343548943686024
-16650187875.189377,-85758656491.7535,-31538543034.496056,Region-29,2.978833527594782e-16,Eval-C,6.413525223738326
51459114414.23859,59737474186.07248,-11929645221.349533,Region-39,5.60384256338167e-16,Eval-B,22.626958475843516
-54599740132.31588,-51339614403.40658,41424122788.87619,Region-34,3.9796329772299634e-16,Eval-C,79.29022783296358
-55744681786.76319,45082424638.594086,17533810294.65207,Region-49,6.746772452832416e-16,Eval-A,80.43964469152019
-67716602462.485214,-86330325710.36105,-36412134058.63544,Region-22,5.564810294210943e-17,Eval-B,20.70848248877104
-25601048042.167633,91019711233.1372,10766183173.564697,Region-12,1.239479548724968e-16,Eval-B,33.59138451066895
69402407077.81671,-61397002918.860275,46141376872.57724,Region-46,4.992165114182314e-16,Eval-C,13.423841909374357
65582412429.81287,76548415241.41608,-91533010819.50159,Region-20,3.369714181989514e-16,Eval-C,7.417263028492238
-23435158407.29924,61894641923.08688,-97760138948.85918,Region-2,2.9582040461773227e-16,Eval-C,99.21717144484094
17823747196.047318,93571984816.2832,-8386612185.421738,Region-48,6.703740875673236e-17,Eval-C,65.55939512448393
44163263294.98312,-4421867810.850082,-73632676439.29716,Region-8,8.957202175562541e-16,Eval-B,54.20965091983187
-51758645074.3954,45479458769.19031,32868858292.942886,Region-15,6.918216679391896e-16,Eval-B,76.54985004052996
-66371782821.05058,-25857868592.44319,-57189508754.51316,Region-9,1.2162694063808119e-16,Eval-C,84.00771596877242
94419198642.46219,-63126352396.06123,-13429778640.865814,Region-45,6.505530727756325e-17,Eval-A,80.67147680447275
23511462641.92369,-11384813413.310242,-60465812625.14621,Region-10,9.748727847059088e-16,Eval-A,1.6539449289876607
96283144366.73279,-66850196922.30902,9696717149.82489,Region-45,6.811757387140005e-16,Eval-C,18.68078981904985
-32448802573.554184,96408924557.2768,-76789308123.08621,Region-15,4.174618965330306e-16,Eval-C,65.49053021178311
40606339994.826294,-80750701771.85672,-95378629442.50395,Region-20,7.017340234453773e-16,Eval-A,37.575934780396295
-55479272691.75246,17842344690.52408,-89773672378.66057,Region-9,7.563342231622943e-16,Eval-C,98.2482651061107
-47759965745.217415,25292771050.811188,90851688303.06198,Region-14,7.799644027667555e-16,Eval-B,66.5404792638254
2380424253.9247894,7615908574.810852,-71542756277.81284,Region-9,4.778825268800011e-16,Eval-C,95.65489087292065
-36076374898.38576,32437177142.366714,41695650627.367035,Region-6,4.2988845929726683e-16,Eval-A,20.144648164579383
-66475687231.8831,-76763844997.62181,-86414759155.43475,Region-28,1.1037973988057653e-17,Eval-A,86.3957028115023
-47423859602.134796,11003704841.058212,-78367929552.96356,Region-45,9.265578495706867e-16,Eval-B,32.135230581522535
-92850321106.82707,-42557485774.527695,1775250281.8669434,Region-49,6.033118453101592e-16,Eval-A,98.95648082378068
40884724295.497314,88035212660.21133,-7025813969.131271,Region-8,2.0316190565059623e-16,Eval-C,15.76886720731473
-1576668582.8276825,52414330687.94513,90316061887.9739,Region-5,9.196042233872425e-16,Eval-B,51.63398188383266
-81151386719.09488,94502896431.94855,88967090604.14746,Region-2,9.149327524512787e-16,Eval-B,79.28445338371219
-65661201374.30176,-92488786051.9621,55921728508.49301,Region-50,9.891842725244524e-16,Eval-C,43.26424806040359
-79493092377.47119,-42973364963.85826,20420366025.469955,Region-31,8.740578225733475e-16,Eval-A,46.80840601876467
22518561655.175293,-60915482672.3302,-9007936521.397797,Region-49,9.977844099761867e-16,Eval-A,98.6355795505741
-81157927277.50124,-97769082537.6339,-28764293134.31578,Region-28,2.446937412613914e-16,Eval-A,42.530815030115335
50856466607.04321,-51534853950.73572,89417509395.11108,Region-3,8.422511627033822e-16,Eval-A,60.407210059906355
-95897816135.92177,35755196704.085785,20581762284.937103,Region-13,8.230300785126766e-16,Eval-C,5.45396606751507
-50124842400.82158,-53782215573.08629,15814505537.198898,Region-7,2.309480498171416e-16,Eval-C,84.221008021026
78133335178.38144,1800689096.5236511,-53619775646.217026,Region-3,9.844656462550078e-17,Eval-C,64.81680489795436
43706263624.44922,77563622992.99973,-90660436422.97739,Region-43,9.79420719472463e-16,Eval-A,40.40201028628135
-85406333414.86246,38751584069.81503,89037715951.90887,Region-33,2.960315912750952e-16,Eval-C,1.6169539954519752
64225220897.03595,-21074186018.79361,-37252948231.069214,Region-38,8.708930815499014e-16,Eval-C,59.16688205935039
-1392975691.9590454,-25506212217.57834,-11482195335.108261,Region-4,4.137113403057149e-18,Eval-B,1.2657828484162192
69356605433.76584,-8852837198.303055,-77072011282.85863,Region-31,2.103459697153001e-17,Eval-B,0.12036139090179088
20147954890.078674,-64591711788.01872,67384865981.8584,Region-8,4.658766499832815e-16,Eval-B,61.60985621493546
36366606406.57175,26800153483.197617,-94473633428.81387,Region-17,2.3872229678822426e-16,Eval-B,18.901706733455427
98700312079.14163,-27169436179.078903,66798152419.819305,Region-3,6.8984438502313e-16,Eval-C,19.18875497180953
-53532890815.196365,70473069852.40872,-71942997442.40665,Region-5,5.655686699246987e-16,Eval-A,65.32715658327437
24789114952.277664,51310532011.56326,77312822526.23041,Region-20,7.749502259251695e-17,Eval-B,5.3697187939374285
-7935721988.520325,22102632818.432007,45954527467.231476,Region-43,1.6263667003275392e-16,Eval-A,31.340556147455633
-92109609415.46172,-27159555470.096786,-67065947498.53898,Region-1,3.8805538956571376e-16,Eval-C,14.943190214201907
-97105871699.42699,-58013633665.30312,13163598571.893616,Region-49,1.8561220791479363e-16,Eval-C,58.01763697965339
-76154284436.42827,55230372821.12457,-37468737128.95611,Region-7,7.922244250204562e-16,Eval-B,66.17651547273958
29818348107.709625,-2718180201.7826996,-64353380217.68331,Region-8,4.160760748509246e-16,Eval-B,72.11358535990435
13432617582.678436,-55049992364.528496,71836439882.22168,Region-39,9.344093252383085e-17,Eval-A,25.52312169185654
10685912232.745483,-60965076991.99876,-19295446698.554123,Region-14,4.843480588431022e-16,Eval-A,8.924975163658399
-93628647494.34798,-66919819099.728195,-20291257126.923508,Region-38,9.084727267960356e-17,Eval-B,7.868365694189783
-6139400727.998596,55432239241.11899,-66022665038.675995,Region-13,1.2894601604676299e-16,Eval-B,42.615154845072375
84924563568.5057,-54202562939.93766,-23386864782.84427,Region-12,2.396174359298851e-16,Eval-A,94.58444090627151
-20481626137.87068,5328452705.039505,74323369265.77002,Region-43,8.595291099704374e-16,Eval-B,21.772903424702463
24984493957.69127,-9690727805.388718,-27374257902.072815,Region-23,9.246132862076487e-16,Eval-B,25.67416013415493
55963735124.62872,15922179845.656784,90320712499.95761,Region-2,8.262594667547759e-16,Eval-C,10.088880210585893
56785055828.3775,75430980074.23886,89261779841.67749,Region-6,3.340838766456731e-16,Eval-A,60.55702738939303
3856016479.0542755,73549478016.34613,-71020268138.53079,Region-10,2.7245371664442063e-16,Eval-A,67.98728739471748
71590389080.46725,-9784785635.028076,-64537749295.47102,Region-48,5.491601992333313e-16,Eval-A,64.293120816076
-21724381327.25061,-96926749853.05534,72534814066.37784,Region-18,7.218559420015071e-16,Eval-C,86.11302430447813
77738642956.95966,-14711238857.139359,-21447816215.056152,Region-38,9.933728544322934e-16,Eval-C,48.642583502607174
-51954566720.89094,21238707484.82808,-99125203543.39813,Region-23,1.3157939617180744e-16,Eval-C,13.445704076706445
-43956718601.88579,11552951819.61235,-45225636058.9258,Region-23,4.93015061038142e-17,Eval-C,28.940513070441266
-89375875160.19978,30267221160.041107,19525798639.111984,Region-11,6.943589454363811e-16,Eval-A,66.24299734213518
59116367308.45657,-69184853505.3833,59853193191.99359,Region-33,8.322274612460706e-16,Eval-A,61.312197374155986
-16588952753.458893,29307019756.146515,-73322276581.34808,Region-50,8.463503163786246e-16,Eval-B,53.10031297429625
-54176677217.72019,-63469676251.24555,-77891727116.65292,Region-47,6.784667644416699e-16,Eval-A,68.29644186886871
-53641944476.68407,50104796139.34979,84418530714.46631,Region-40,9.540162639611459e-16,Eval-B,63.739085037329936
80279988245.84665,-32182477347.463997,50229673564.51654,Region-16,5.110096534969515e-16,Eval-C,88.13248894649517
66783320092.20737,41979086676.29071,17955920155.615692,Region-33,9.138156601882292e-16,Eval-A,58.60163774782966
10706177071.43666,-90426880218.77858,53837357999.18561,Region-37,9.678124588701532e-16,Eval-A,77.86013587005564
23222160083.14421,-18427994881.81732,-14229127738.672302,Region-5,8.471589854285378e-16,Eval-B,24.870715596646786
-5134885889.941803,41006904452.666534,51691149461.82532,Region-7,3.0976546567298807e-16,Eval-C,67.8182584589068
-21666691424.23822,-54625896733.70117,-25639401745.09285,Region-38,1.9622368901378359e-16,Eval-B,90.21941183826758
83095376243.66629,59057408959.44452,-51181085501.47953,Region-49,5.481245837811687e-16,Eval-C,38.57323278998332
-74877459295.93959,26155946620.98639,45802684258.59372,Region-1,4.530202202326847e-16,Eval-B,77.91041873386466
-16310642056.75441,17512354429.95967,-16065541568.54634,Region-34,8.777595646093111e-16,Eval-A,72.47893011954353
-31087618402.424927,-29290229159.13257,96275420865.23898,Region-14,1.0004067075044306e-16,Eval-A,5.952619687182247
-369855949.7703247,-3509705923.7764893,-30102963538.379807,Region-46,2.5774748391090554e-16,Eval-B,58.15083096240723
-8473625090.964981,19469860195.570618,84345484106.2132,Region-13,7.518014265292634e-16,Eval-A,13.018934920080238
3777906330.216278,-5507577217.021912,86592509713.4159,Region-19,9.499569511086236e-17,Eval-C,96.73191722305911
-72016204554.60118,39662664788.11203,-51629410587.05077,Region-11,3.2077120637756005e-16,Eval-A,81.14075027006562
2628300302.655411,-13260613378.608093,59644236317.60266,Region-49,3.871615225000427e-16,Eval-A,10.97238012471201
-51516237222.55782,-59545363651.59393,-13385098971.086975,Region-35,6.225975706247244e-16,Eval-C,12.175199764767841
-63133730202.36175,-57213243439.79055,83504945446.06961,Region-1,1.581410643929074e-16,Eval-C,59.4473854912619
-87033156242.76175,-98839246231.41179,-9975145472.95224,Region-47,8.606058843048061e-16,Eval-B,34.48891741731833
52530511751.22818,-39808456888.26551,48860743467.473236,Region-7,4.475477600439196e-16,Eval-B,3.490585907310928
-14511615828.688004,49783528095.70392,-6606518167.240433,Region-14,9.170225416634377e-16,Eval-C,54.16415078330531
25328736662.35167,58832541767.52191,-54439848857.428764,Region-33,4.678752349347953e-16,Eval-B,38.78450996858469
45518668660.94867,-59506491580.85,-60129974211.062744,Region-46,2.75047508538144e-16,Eval-A,10.107649237174265
35863333062.71069,91808799374.28156,-14913761148.73088,Region-31,1.4183741039938803e-16,Eval-A,80.19203922559826
-5899856182.063553,480558696.02534485,51098931402.84299,Region-24,3.755057260337701e-18,Eval-C,91.5076765278806
-22420294209.654037,83395749803.70053,21014297036.153366,Region-45,5.321621634099858e-16,Eval-A,75.659393401413
-24808018071.86725,41353056372.32623,37725857980.10864,Region-38,1.0716562535995416e-16,Eval-A,82.24223100162773
28009759386.01126,44486684604.482605,-43534729853.61151,Region-12,3.91733846353542e-16,Eval-B,21.649056726611736
-1041129011.6253204,-82991275738.78577,-3712930808.478897,Region-29,5.892758685194744e-16,Eval-B,26.3572950918601
69826449597.70212,-56001774620.61386,-91120947006.1346,Region-44,2.756931400437313e-16,Eval-C,20.852754029918774
74940396865.3424,-98237033341.10547,63506483191.624115,Region-7,1.752325401231916e-16,Eval-B,76.5063431365564
-65887924398.696304,43225528095.3475,97978432447.97491,Region-12,7.747238753931156e-16,Eval-B,94.79170789344971
-72753269690.85487,-31112342314.298004,-18624187475.065826,Region-23,9.467917043698978e-16,Eval-A,71.68372067339025
26080185207.199905,57330503215.26935,-97807269373.69133,Region-25,1.0044941345778739e-16,Eval-B,88.1466764879556
-39754850387.54411,-32212756012.59474,-66041472089.81053,Region-28,1.5559876848176402e-16,Eval-A,63.869909488317255
-96285856246.98022,63866750459.77222,30505375550.08377,Region-14,9.600130571261462e-16,Eval-C,38.765990055879904
77728533872.59103,-73860349250.3374,22415863640.771835,Region-33,3.779384397002816e-17,Eval-A,42.57616149303052
-54619846551.23835,-65325368648.49836,57572943917.108795,Region-15,9.776325602271067e-16,Eval-B,7.532143216740483
85856130337.1618,-31824692083.2127,-49223197807.78637,Region-27,4.654436640157921e-18,Eval-C,3.145719524602608
43486890175.65073,-18302522223.545334,52726383109.42682,Region-8,8.736699189647748e-16,Eval-C,69.54756041890774
52530697982.296844,-30259437831.404327,37596804304.73395,Region-49,3.073321077359397e-16,Eval-A,43.84288920111806
-59707700841.36792,52729406504.64398,-35437100457.23134,Region-21,9.385894722887149e-16,Eval-B,55.22150680546295
-53161114876.63741,-80609721474.65706,9097629611.392395,Region-8,3.1695211918269915e-16,Eval-A,55.76612476224163
4253550764.813156,-29756596072.302383,-70545238300.33466,Region-30,6.543097784708407e-16,Eval-B,27.73758133333014
-65580029470.027565,67447999903.09186,-9487099312.883469,Region-8,8.0041769440239e-17,Eval-A,47.58925108294907
-38913661463.39355,-86640584547.5656,76239467911.1282,Region-34,2.423373881556245e-16,Eval-A,47.07602216677023
-35707504410.4391,88468701534.27148,-15761724034.921844,Region-9,7.73681609685786e-16,Eval-B,38.8427221227857
